id_processo,tipo_servico,data_entrada,data_conclusao,status,origem_atendimento,tipo_veiculo,valor_servico,processo_concluido,tempo_conclusao_dias,ano_entrada,mes_entrada
1,Transferencia,2026-01-05,2026-01-08,Concluido,Presencial,Automovel,120.0,True,3.0,2026,1
2,Licenciamento,2026-01-08,2026-01-08,Concluido,Whatsapp,Automovel,70.0,True,0.0,2026,1
3,Transferencia,2026-01-12,2026-01-16,Concluido,Presencial,Motocicleta,120.0,True,4.0,2026,1
4,Alteracao De Dados,2026-01-15,2026-01-22,Concluido,Whatsapp,Caminhao,120.0,True,7.0,2026,1
5,Licenciamento,2026-01-20,2026-01-20,Concluido,Presencial,Automovel,70.0,True,0.0,2026,1
6,Transferencia,2026-02-03,2026-02-09,Concluido,Indicacao,Automovel,120.0,True,6.0,2026,2
7,Mudanca De Caracteristicas,2026-02-10,2026-02-20,Concluido,Presencial,Caminhonete,120.0,True,10.0,2026,2
8,Licenciamento,2026-02-12,2026-02-12,Concluido,Whatsapp,Motocicleta,70.0,True,0.0,2026,2
9,Transferencia,2026-02-18,,Em Andamento,Presencial,Automovel,120.0,False,,2026,2
10,Licenciamento,2026-02-25,2026-02-25,Concluido,Whatsapp,Automovel,70.0,True,0.0,2026,2
11,Transferencia,2026-03-03,2026-03-06,Concluido,Presencial,Caminhonete,120.0,True,3.0,2026,3
12,Alteracao De Dados,2026-03-05,,Pendente,Indicacao,Caminhao,120.0,False,,2026,3
13,Licenciamento,2026-03-10,2026-03-10,Concluido,Presencial,Automovel,70.0,True,0.0,2026,3
14,Transferencia,2026-03-12,2026-03-18,Concluido,Whatsapp,Automovel,120.0,True,6.0,2026,3
15,Mudanca De Caracteristicas,2026-03-16,,Em Andamento,Presencial,Caminhonete,120.0,False,,2026,3
16,Licenciamento,2026-04-02,2026-04-02,Concluido,Whatsapp,Motocicleta,70.0,True,0.0,2026,4
17,Transferencia,2026-04-06,2026-04-10,Concluido,Presencial,Automovel,120.0,True,4.0,2026,4
18,Licenciamento,2026-04-10,2026-04-10,Concluido,Indicacao,Automovel,70.0,True,0.0,2026,4
19,Alteracao De Dados,2026-04-15,2026-04-23,Concluido,Presencial,Caminhao,120.0,True,8.0,2026,4
20,Transferencia,2026-04-20,,Pendente,Whatsapp,Automovel,120.0,False,,2026,4
